Tweet_ID,Tweet_Date,User_Name,User_ID,Retweet_CT,Content
9.65407E+17,06:07.0,ediistuhu,2993902355,0,Just picture #noidea #nothing #yogyakarta #yogyakartacity #yogya #jogjakarta #jogja #ojekwisata‚Ä¶ https://t.co/d8IzOgBt0Y
9.65417E+17,44:45.0,OnTimeStudios,40616563,0,Couldn't come up with a description #blank #noclue #studio #set #whynot #questions? https://t.co/0TJHJFoJdJ
9.65427E+17,24:56.0,stan2d2,323852746,0,@kylepetty Bowman put his time in and Bryon is a lower series champ... so this guys point? #noclue
9.6545E+17,56:56.0,Chinese_Numbers,2328249120,0,@sophiemonk #NoIdea not New Idea magazine
9.65474E+17,30:57.0,galaxyturtle13,2476104134,0,Worst part of deciding on lyric tattoos is what font you want to use #somanychoices #tattoo #font #noclue #anysuggestions?
9.65474E+17,33:11.0,GGener8,565420282,0,@sophiemonk #newidea #noidea  My dear departed Mum would be horrified what her mag has descended to.
9.65481E+17,59:26.0,banyulona,321925622,0,"What's next @MatthewGuyMP , OK to drink drive if you're a good driver? Ok to text when driving if it's an important message? #noidea #vicpol"
9.65507E+17,43:19.0,yajaira1699,1049580896,0,When life became so hard...?                  #noclue
9.65511E+17,58:09.0,comicqueenkit,8.11597E+17,0,I‚Äôve been fighting just to breath..... I‚Äôm tired..... #noidea #noyoudont
9.65536E+17,39:49.0,denm84,620743853,0,@GTsekenis Some DCs voting for closed system #noidea #fuckenidiots
9.65552E+17,41:01.0,urethroplasty,219526775,0,"#qanda let‚Äôs ask the guys who did so well with the census to fix our power issues, #noidea"
9.65577E+17,22:50.0,tinabarrett18,2455112470,0,Any peeps with @Liskeard_School kids out there? What week is it on the planner for tomorrow please? #noclue
9.65589E+17,08:24.0,NorthVanMike,18921995,0,@Garcelon who the hell is she? #noidea
9.65613E+17,45:12.0,thedoc213,17966763,0,Always suffering from hydrogen psychosis.#crazyeye #noidea #hungover @ National Harbor https://t.co/LoBkTGgTzV
9.65619E+17,07:13.0,djb_mk,3072198429,0,"@occulturepod Damn, had to be hip hop, didn't it? #NoClue"
9.6565E+17,09:50.0,Afro_Atheist,9.0584E+17,0,@Brasilmagic Everything‚Äôs a photo op with this one. #sociopathicbillionaire #noidea
9.65679E+17,04:49.0,Be11ezaPerfecta,7.0977E+17,0,"If you fancy a chuckle, come and join me.How NOT to apply eye makeup üòÇüòÇüòÇ#AllTheGear #NoIdea https://t.co/PC402Y3jSq"
9.65707E+17,59:35.0,MoiraSlaughter,20408627,0,#marcella Think I need to watch that again #noidea
9.65715E+17,27:43.0,hannj666,1355592691,0,@QandA @Simon_Breheny Shut up @Simon_Breheny you IPA loopy #noidea
9.65718E+17,41:42.0,Allaboutcryptos,9.35264E+17,0,"Nocoiner, what a nice personal description!#nocoiner #noclue #bitcoin #iota #loveit"
9.65775E+17,29:16.0,aaronhmperry,20311500,0,"@jencrotts #noidea but I like the phrase ""thought seize"""
9.65825E+17,48:13.0,AppolloniDerek,7.97839E+17,0,@snes NES? Lol dammit I stared at this for 10mins before admitting I had to guess itüò≠ What do you think @debo5580 #NoClue
9.65869E+17,41:58.0,TomOCallan,270283577,0,@borisranting mick shark talking about Winx trial at Randwick like it was put on as entertainment no. 59 #noidea
9.65919E+17,01:59.0,AndreaBiatta,163884292,0,Hey @xbox rate my set up 1 to 10!!#xbox #xboxonex #techsupport #noclue #gamer #gamerlife #setup‚Ä¶ https://t.co/BPrnOyFeMS
9.65923E+17,15:52.0,jasontd05,393080677,0,"@Dart_Adams @SnottieDrippen Hahahahahahaha hold that L brother, you just got served a big slice of humble pie! #noidea"
9.65928E+17,35:23.0,natasha_seery,3299330747,0,#OTD Edward VI crowned - 9 YEARS OLD #noidea #HenryVIIIEmotionalHealthTips https://t.co/9dsahIOz3G
9.65948E+17,54:58.0,MattSears96,21191132,0,So WHAT is the UK Government's solution to the border with Ireland? #NoClue https://t.co/fZnSPBtUq4
9.65961E+17,45:42.0,HannahMannah,23919145,0,@Careyscape @Elise_Christie And you tweet like a twat #muppet #noidea
9.65978E+17,55:55.0,Joshua_George20,354287207,0,"America having so many mass shooting, putting more guns in the schools is there solution #noidea #getridofallguns #nonsense #gunlaws"
9.65997E+17,11:54.0,willnetdatsc,1416761082,0,@squaretrade Need answer on why policy for brand new TV was cancelled. Cannot purchase anymore. #unresolved #noclue
9.65998E+17,12:40.0,thatmadcow,593878991,0,@AMike4761 @PrincessofWails That Popeys list the plot ! Obs brain-is scrambled cooked and stewed #allthegear #noIDEA
9.66046E+17,25:38.0,CraigLeggate,481904710,0,@swfc Seriously thought we was in a relegation battle no strikers #noclue
9.66059E+17,18:01.0,peter_broomhead,3930706660,0,@NFFC Just need a performance worthy of the support! #noidea
9.6606E+17,21:32.0,koolkitten77,989866243,0,Top onscreen@ mo is being called BURGUNDY!! WHO on God‚Äôs earth calls it dat when it‚Äôs CORAL??? #NOIDEA!! üôÑüôÑüòñüòñüòñ#qvcuk
9.66067E+17,49:10.0,R4ymond_14_,3077671917,0,"BT commentary ""again iniesta fails to complete 90 minutes"" as he gets substituted in th 91st minute #noclue #fcb #ucl"
9.66068E+17,50:25.0,tracy_forner,120116794,0,made some handwritten notes for my next pkg...and 5 min later... #noclue ...anyone wanna guess‚Ä¶ https://t.co/rKCJIWwmui
9.66085E+17,01:35.0,chelsearust,911266274,0,"Their pitch is only 2m longer and 1 wider,should give us space to counter,my timeline is very quiet re Willian hating #noidea"
9.6614E+17,40:03.0,cloudn9nee95,8.80226E+17,0,I have #NoIdea who this #YoungLady is BUT #GoodLord you got an #AmazingVoice like that's a #VoiceOfAnAngel https://t.co/6MuvVOP9iy
9.66152E+17,24:27.0,eh_jh_33,7.30069E+17,0,@whitneydawn you wearing your run foil hat when you type that phony garbage? Good luck. #NoClue
9.66161E+17,02:52.0,NaturalGrace28,34239257,0,What‚Äôs the difference between ice dancing and figure skating? #olympics #noclue
9.66213E+17,26:56.0,TasManiaGuy,9.34019E+17,0,"@LiberalAus @PeterDutton_MP There are lies, damn lies then statistics... #nointegrity #noidea"
9.66227E+17,23:54.0,Snwz,18407244,0,Just realised the Gran Prix has already started. #lol #noidea #clueless
9.66288E+17,25:44.0,nielsentaya,3087496429,0,@Qldaah The same Victorian senator who appears to have absolutely #NOCLUE what it's like to live on the pension.
9.66304E+17,29:42.0,SoniaWade2,522369116,0,@LaurenGoodger Come back Lauren when you have kids #noidea
9.66316E+17,18:36.0,doc_tales,8.26343E+17,0,Doc: So what brought you in?Pt: I‚Äôve been feeling like a bad potatoüßê#wut #noidea #badpotato
9.66324E+17,50:49.0,annie_mulligan,392729687,0,Veterinary public health is just a mind field of pathology and legislation üò±üôà #whatsgoingon #noclue
9.66331E+17,18:14.0,Rockwell_JB,1705785906,0,@LeeAHarris @_LisaRodgers Maybe he... wanted to impress you?#Noidea
9.66331E+17,18:19.0,LUVfromAmerica,8.20631E+17,0,@realDonaldTrump What is wrong with you? Love America #IdiotInChief #noclue #ItsMuellerTime
9.66334E+17,28:43.0,HevTatts,46451940,0,Parenting advice on Twitter from @LaurenGoodger most hilarious thing I‚Äôve ever read. Get real woman. #hideouswoman #noclue
9.66341E+17,59:00.0,GaryRGrayJr,1630609608,0,Culture matters .. why aren‚Äôt we talking about it daily in schools ? #noidea
9.66365E+17,33:14.0,thechuckgettemy,71852508,0,@for_congress @horridpoplyrics @Thomas1774Paine Oh please...you have no clue what the 1st amendment means...#NoClue
9.66366E+17,36:34.0,BCHabFan,52554472,0,What is wrong with #habs GM #noclue
9.6639E+17,12:03.0,trad129,302850736,0,@MirrorFootball Ah well if Dennis Wise says so it must be right.... #NoClue
9.66407E+17,18:42.0,AnneVosser,145721130,0,Well done Dua Lipa... #noidea #BRITs2018 #sonIsMakingMeWatch
9.66422E+17,19:35.0,BedsonSophie,9.1414E+17,0,WHO ARE THESE PEOPLE NOMINATED AT THE BRITS?! üôàü§∑‚Äç‚ôÄÔ∏è #noclue #Britawards2018
9.66431E+17,55:11.0,kaz334,50641375,0,Wtf is going on here....? #NoClue
9.66438E+17,23:28.0,KhuwajaFaheem,3996825434,0,@cnni Problem is we are raising right issue before wrong guys! #NoClue we call #BS
9.66456E+17,32:17.0,Legendsofsport8,8.16135E+17,0,@BigOtrivia @Gmaxi_32 You could make a movie about Ur love affair with Maxwell. No idea about a cricket TEAM. Just on stats. #noidea
9.6646E+17,50:20.0,xsailorxsaturnx,173512610,0,‚ÄúIf you‚Äôre going to tweet hashtag it‚Äù - my mentee #noidea -hash tag by my mentee
9.66464E+17,05:08.0,FoundLozzed,7.64089E+17,0,"Right... The only thing I know is, none of them are Ed Sheeran... #NoIdea #FeelingVeryOld ü§îüòúüòï https://t.co/J0asARiBse"
9.66464E+17,05:44.0,Doreenique,41272136,0,He has #noclue and will help him take his own vacation https://t.co/RuuJmKKrf2
9.665E+17,30:11.0,early_light,23175482,0,"Customer service desk lacks the whole ""customer service"" part at #kohls #suckyservice #noclue"
9.66507E+17,57:26.0,sarcasty,34337587,0,@marcorubio has an agenda and it‚Äôs not our agenda. Bet he‚Äôs rethinking this decision #answerthequestion #noclue #chasethatNRApaper
9.66555E+17,07:48.0,untilise3110,9.25158E+17,0,Arm school teachers with guns is Donald Trump on this planet .. does he really think that‚Äôs the answer #wrong #noclue #whatatwat
9.66561E+17,30:28.0,HillMaryC,523001226,0,"@theheraldsun As no one  has ever seen such things, what exactly are you meaning?#funnycomparison#noidea"
9.66582E+17,54:58.0,StylinChanel,74597180,0,I thoroughly enjoyed watching a billionaire guess the price of random grocery items... #NoIdea https://t.co/3OfKdTZS4P
9.66605E+17,27:17.0,KatyBeth94,583152213,0,Mum read my what‚Äôs app and just didn‚Äôt reply. Don‚Äôt think she realises I know she‚Äôs read it ü§¶üèº‚Äç‚ôÄÔ∏è #noidea #ignoredbymymum
9.66621E+17,30:06.0,AndrewBoxThomas,15968061,0,Give teachers more guns! Yes that will solve your problems America! #noidea #GunLawsNOW
9.66645E+17,05:55.0,ItsARelay,8.45007E+17,0,@thehill Watch how a young kid further divides an issue.  #NoClue
9.6665E+17,23:16.0,bandphan,57668247,0,"@DonnaSarge73 @CNN @DearAuntCrabby Sharpest tool in the tool box?  Most of the tools in my tool box are not edged, are yours #noclue"
9.66663E+17,15:03.0,CollarsHel,1603074301,0,"@realDonaldTrump Ah yes...the ""Sicko"" you gave back the right to have a gun to ?#moron #hypocrite #notaclue #noidea #embarassment"
9.66667E+17,33:47.0,0c3a7d5072ae431,3014885902,0,@milkyboobs Aahh yeah him ü§î...... #noidea üòâ..They're nice thou
9.66675E+17,02:29.0,JohnHoltNews,368540082,0,Urban district open. Suburbs closed? #NoClue https://t.co/AQH9ESN8Q0
9.66684E+17,40:12.0,CollarsHel,1603074301,0,@realDonaldTrump @NRA How much did they pay you this week ?#Hypocrite #Bloodonyourhands #idiot #noclue
9.66686E+17,46:54.0,theJudgeGlass,309239611,0,@JYSexton Absolutely everything. #NoClue
9.66689E+17,59:44.0,ksmith474,55567369,0,"Wow, @BrookeBCNN has #NoClue what journalism is but she sure knows what #Activism is. #LyingHack  #HackBaldwinhttps://t.co/3hVrKckYwW"
9.66697E+17,33:20.0,CSLCHSnMore,2527828914,0,Fake gospel?? What are you talking about? #NoClue https://t.co/mH8170xFCX
9.66729E+17,39:40.0,thsrenegadelove,23956659,0,I just spent the whole drive through the Holland Tunnel trying to figure out how the hell you build an underwater tunnel. ü§∑üèº‚Äç‚ôÄÔ∏è #noclue
9.66736E+17,06:32.0,SplaineBoy,545628681,0,I don‚Äôt know what the hell this is but I see people going to it. #vero #socialmedia #noclue‚Ä¶ https://t.co/Yza5aifJVJ
9.66739E+17,17:44.0,DoYouMineCrypto,8.85992E+17,0,@CNNPR Never have?! #bs #bullshit #liars #theworst #noclue #propaganda #owned
9.66747E+17,49:23.0,JCostelloEsq,29373815,0,@TalbertSwan @HopeRadio1 @realDonaldTrump It was worse to see him go on a rif live. #MoronInChief #noclue
9.66751E+17,05:06.0,GeneralGCuster,379476932,0,"@RalstonReports As a business heir with 5 corporate bankruptcies, Mr. #tRump literally has no clue how to manage anything. None. #NoClue"
9.66761E+17,44:58.0,AndySavva67,456006478,0,"Because they don‚Äôt care, you are just a number they are getting as bad as @Ryanair #noidea https://t.co/P2i40PALIx"
9.66785E+17,21:15.0,whoisalexwho,8.31695E+17,0,My uber driver took this one üì∏#bestdateever #why? #whynot #empire #shine #whoisalexwho #noidea‚Ä¶ https://t.co/Y0phGVjQEQ
9.66788E+17,31:25.0,whoisalexwho,8.31695E+17,0,My uber driver took this one üì∏#bestdateever #flipthescript #whoisalexwho #ü§∑üèΩ‚Äç‚ôÄÔ∏è #noidea‚Ä¶ https://t.co/RnaGA1InMu
9.66791E+17,45:30.0,Azreal_Angel,9.66753E+17,0,First Tweet! Now how do I do things...... #noclue
9.66798E+17,13:47.0,tenchylad,2347210876,0,@CBSNews Fire with fire...yeah great idea Don lad...that will solve the issue !!!! #noidea
9.66819E+17,37:38.0,MinorAtomAA2017,9.05439E+17,0,1-0 Guelph...#noidea #maybedavison?
9.66837E+17,48:16.0,Sainter69,8.718E+17,0,@realDonaldTrump Just keep patting yourself on the back ya muppet! #noidea
9.66857E+17,08:41.0,Eternal_Panda,576914592,0,Worst experience was dealing with unemployment#noidea #MS #noonehelped #fuckem
9.66893E+17,28:52.0,XX_PINGERS_XX,1618898058,0,@RalphyHeraldSun Stick to footy Ralph‚Äôs remember when u back against the team you support in the finals. #NoIdea #Flog
9.66894E+17,33:16.0,Timmay55,272645947,0,I finally figured out Curling and now they give me the Biathlon relay.  #noclue  #Olympics2018
9.66918E+17,10:08.0,mija1310,235914415,0,Because MORE guns is the answer... #noclue https://t.co/dh5iINxE6y
9.66929E+17,52:19.0,c_collins71,470907971,0,@nblyth I‚Äôd imagine your watch stopped @SW_Help #noclue
9.66933E+17,08:26.0,DiceMenCometh,2705827520,0,Yes!!! Take that Leon!!! #noidea #totallywrong #terraformingbars https://t.co/SKAydHY9ew
9.67005E+17,57:04.0,DMJII,25643921,0,@HamburglarMcD @StargirlPegues @BalkeBen @scrowder You clearly have not actually listened to Ben Shapiro. #noclue
9.67047E+17,43:37.0,Katy_Llwyncrwn,92028146,0,This is where lack of knowledge about the industry that I work in can be detrimental.!! #NoClue https://t.co/JCIS0ZmcCP
9.67058E+17,24:48.0,BrilliantBrende,3295876703,0,"@Chakungwa2 @SkySportsPL üòÇüòÇüòÇüòÇüòÇüòÇüòÇ oh dear, #noidea"
9.67058E+17,27:12.0,carmenyoungxo,525819973,0,"If I didn‚Äôt have @LucyMae___ to help me, I‚Äôd be screwed when it comes to make up üò≠üòÇü§¶üèΩ‚Äç‚ôÄÔ∏èüíÜüèΩ #noclue"
9.67071E+17,16:06.0,caraluhring,20876531,0,@ABC When your president takes talking points as his own from a grieving parent. #noclue
9.67077E+17,42:45.0,anniemanc,112138311,0,@CNN What a f**king moron!! #noidea
9.6709E+17,33:33.0,orangepascal,15341301,0,@xiotex And that's after three paragraphs about their company.. #NoIdea
9.67115E+17,12:18.0,quantick,25508972,0,The Optimists Of Nine Realms #noidea
9.67131E+17,16:09.0,emilnatas,2909799093,0,That‚Äôs when I was trying to search about infection control using google üòÇü§£#fun #funny #noidea‚Ä¶ https://t.co/qMRKhHtDdC
9.67148E+17,24:31.0,AaronHickton,135656819,0,Absolutely loving @TheJaneMcDonald Tonight üòÇ #noidea üòÇ #rivercruise this type of cruise I could actually try ! #Vietnam üõ≥‚õ¥üö¢‚öìÔ∏è
9.67153E+17,42:56.0,TwobearsDad,74639619,0,@ASavageNation A 44 #glock  with a 20 round #clip ? #really you clearly have #noidea of what you speak!
9.67199E+17,48:12.0,Lwbayfront,8.04501E+17,1,This guy is an idiot!üòÇüòÇüòÇ#noclue https://t.co/gVubOsMWXP
9.67213E+17,41:17.0,TammyJarrard,861871424,0,"@GeorgeTakei Honey, you might want to check with your security (who has guns). The NRA doesn‚Äôt sell guns. Gah!  #eyeroll #noclue"
9.67225E+17,31:20.0,Psully68,9.0503E+17,1,#ISurvivedTheZombieApocalypseBy  swiping left or was it right#noidea
9.67244E+17,44:16.0,rhubarbtime65,592282913,0,The US commentary on curling is sorely lacking.  I really miss Russ Howard‚Äôs insight.  #noclue
9.67274E+17,45:31.0,NotLikeTheTown,838000590,0,She‚Äôs a bit of a spaz... but she‚Äôs our spaz üíï #wonderwhereshegetsit #noidea #blackandwhitecat‚Ä¶ https://t.co/hTypDr03Wa
9.673E+17,25:54.0,LeylaD07,9.66391E+17,0,When you can't even begging to describe your mood #noclue
9.67305E+17,49:13.0,Settled13,27018657,0,"@KBoopaloo Precious, that would be me. #noclue"
9.67322E+17,53:37.0,FMAcidphire21,2597898223,0,After a month of trying to get my head around the squad is hard! and trying to work out why i sold two players #NoIdea
9.67344E+17,22:36.0,lil_x1988,410974062,0,Ready for my first birthday surprise! #noidea #whoscoming #day #night #activity #food #drinks
9.67347E+17,35:50.0,Ken_Bates_PA,353333960,0,@TheFlame25 Not sure. I've just got one it's from the 26th Janthe NIP was produced on the 22nd Feb #noidea
9.67367E+17,53:19.0,TSteve17,92283065,0,@chrisyelland In her defense .... She was incapable of performing her duties to start with.All the gear and #NoIdea
9.67382E+17,52:06.0,Pianomack,69175968,0,No idea what happened here... üòê#noidea #confusion #ontoure @ Hafjell Skisenter https://t.co/Pm59e0jBOf
9.67406E+17,30:38.0,Locallyyokel,4550761294,0,@samwalker0151 What an utter plonker.#NoIdea
9.67426E+17,49:37.0,joethepikr,1962936980,1,Please what does she know! lol #noclue keep reading what the screen tells you! #useless https://t.co/JIBp1WYaCc
9.6743E+17,04:58.0,wiseoldsoc,482202493,0,@gavin_potts2 we‚Äôve been poor Gav but the ref has crucified us all day up front. #noclue
9.67437E+17,30:56.0,FabledFirmino,23740858,0,In form is he Lucy? @LucyZelic #Mane #Noclue
9.67469E+17,38:47.0,ThisIsEm30,4588139897,0,*googles who Chloe is* #Takemeout #noidea
9.67474E+17,59:44.0,tommalone1952,233823468,0,@realDonaldTrump You're an idiot !!! #NoClue #WorstPresidentEver
9.67482E+17,31:12.0,RyanBaerPGA,93715160,0,Def has a few beers and thought I saw @PaigeSpiranac and her twin sister at the bar ü§®üòÇü§∑üèª‚Äç‚ôÇÔ∏è..#Birthday #NoClue
9.67512E+17,30:53.0,hendos,21466175,1,Lady on @sunriseon7 blaming schools for her 12 year old not knowing their tables...tip..how about you do something at home with them #noclue
9.67593E+17,50:06.0,benhund,161005957,0,Please @TheTweetOfGod don‚Äôt ever let the SEC be considered a basketball conference @UF and @AuburnMBB #noclue
9.67595E+17,00:14.0,cray_z_kage,273698819,0,@dickwhy22 ‚ÄúHow is that like even comfortable?‚Äùü§∑üèª‚Äç‚ôÄÔ∏è #noclue #Longhairdontcare #NCAA #A10MBB
9.67676E+17,22:00.0,fit4footy,419429858,0,Hey @FOXFOOTY can you turn the effects mic's off please? Listening to @WestCoastEagles supporters is making me sick! #noidea #JLTSeries
9.67686E+17,02:20.0,elizanne,25894460,0,"@FoxNews @JudgeJeanine Thats just made up bull crap.  Very few out here in the ""regular"" US think that.  #noclue"
9.67702E+17,03:46.0,ShaunCaruana,196097228,0,@iamstevenico @JasmineKeung @clif_high Don‚Äôt worry about theses gooses Nico.. #noidea
9.67704E+17,14:29.0,BTavi97,7.63452E+17,0,"üòÇWell, learning new things it's always good. So let's ;earn how to use this social platform #newbie #noidea #trying"
9.67714E+17,53:59.0,mjoyce009,376965717,0,Labour flip flopping on Brexit plan. Tories not the only party in turmoil over plans. #brexit #JeremyCorbyn #noidea  https://t.co/N0ZoKnOvlw
9.67756E+17,41:26.0,1FireFox,38468995,2,@guskenworthy You are a special kind of idiot. Just say thanks for the support @guskenworthy #noclue #notrspect #notmyolympian
9.67766E+17,19:39.0,ThisIsEm30,4588139897,0,@jameelajamil Who are they again? #noidea
9.67771E+17,40:46.0,PaulArestides,710561502,0,Great to be watching United from the 70s. Getting bossed at Old Trafford. #MUFC #Boring #defensive #NoClue #ManUnited
9.67805E+17,54:27.0,anarchyal666,234311380,0,@SeanBouw @SuperSportTV Someone who has #noclue what the 1st round is and #cupfinal is
9.67816E+17,39:48.0,Andykaren7893,304591500,0,"@tes Thats spin for they're now ""sh**ting themselves"" #nostrategy #noclue"
9.67818E+17,47:02.0,Chad_sfc,347444623,0,This ref does not like arsenal!! #CarabaoCupFinal #shitref #noclue
9.67821E+17,56:37.0,blufferthegreek,337377971,0,"3-0 is flattering, to us. We are an utter fucking shambles. #NoLeadership #NoHeart #NoClue"
9.67827E+17,21:07.0,JemMoss123,58239895,0,Has that feeling where I don‚Äôt even know how I am feeling...too many emotions are going round my head! Don‚Äôt know what to say or do #noidea
9.6787E+17,13:54.0,karlos108810,365512714,0,@ArsenalFanTV When he changes his diet I will change his mind!! #fatboy #noclue
9.6791E+17,52:35.0,Timmy10_10Ellis,415896819,0,Dumbest TWEET in twitter history #OMG #NOIDEA https://t.co/IoGMhHsOn5
9.67912E+17,58:01.0,Sinfire,16071502,0,@realDonaldTrump How about banning semi-automatic assault rifles?  That would be doing something.  #NoClue #NoGuns #NeverAgain #ImpeachTrump
9.6792E+17,29:31.0,HoffpaulPaul,2820196025,0,@OliverMcGee @DLoesch Ugly opportunist @davidhogg111 #NoClue #Reality #Loser
9.67942E+17,00:07.0,kanewman,12499912,0,#NCAABasketball has a huge problem and Im convinced they have #NoClue how to deal with it #HoopDreams &gt; #HoopNightMares
9.67967E+17,38:09.0,The_Cinebyte,7.90396E+17,0,@johnfromconn77 Sure.  #noclue #whynot
9.67977E+17,18:36.0,iHumble,31168926,0,"NBA Youngboy? I'm old man, and happy about it. #noclue Lol https://t.co/J41W2kPmao"
9.67979E+17,25:59.0,raider2402,134134449,0,@Rosenbergradio btw reigns vs lesnar already has happened dipshit... no one is waiting for it to happen again... #noclue #WWEChamber
9.68011E+17,33:19.0,prashu103,9.19017E+17,0,I just watched Donnie darko and I can‚Äôt go to sleep now #donniedarko #HorrorMovies #mindfuck #noclue
9.68063E+17,00:37.0,neoliberalshil1,8.89231E+17,0,U #younguns have #NoIdea https://t.co/7QAbCsQE7e
9.68098E+17,18:09.0,center_maria,2938967188,0,@DAVILACOLON They are really on top of things #noclue
9.68102E+17,35:22.0,aringbearer,117126824,0,"@HC_Haplo @FinancialTimes @MorganStanley downgrades $ALB &amp; $SQM before earnings, based on #Lithium supply guess, unethical &amp; #NoClue."
9.68145E+17,26:37.0,50dw50,839778259,0,@ErnestMalley @Lee_JM75 @Th3DarkMark @ScarredForLife2 Erm... yeah I knew that... yeah definitely knew that... #NoIdea
9.68159E+17,22:29.0,GoldTopMilkman,142588761,0,Are Blaupunkt a decent brand or crap? #asktwitter #noclue
9.68177E+17,34:13.0,PamTerenzi,1284414900,0,"@JJ_Jarrard @NYFarmer Pardon my city slicker ignorance, but can you explain ""miss mothered""? #noclue"
9.68182E+17,54:13.0,ecobadger,1710829380,0,@Nigel_Farage @YardleyShooting So...... Why is #Fromage being invited on news shows remind me??#NoParty#NoMP's#NoMandate#NoIdea
9.6821E+17,42:00.0,Ritchhh,101742695,0,That clue is still a tough one #NoClue @wlrfm
9.6821E+17,42:31.0,alisonsculler,185550157,0,"@LwtEmmaBird @hypatia58 Given the guff our ngb social media bods do put out, I doubt it would matter if they did #noclue #dontproofread"
9.6821E+17,43:22.0,ehorstman36,2883551692,0,.......... Monday‚Äôs (fill in the blanks) ü§∑üèª‚Äç‚ôÇÔ∏è #monday #mondays #itsbeensaid #noidea‚Ä¶ https://t.co/CvgUEcPQ4e
9.68227E+17,49:49.0,thechildintime,2480053699,0,"Yes, I know exactly what I‚Äòm doing XD #noidea #coswork #cosw√ºrg https://t.co/MEG71L7kxk"
9.68231E+17,05:55.0,akjohnners,362037709,0,Watching a Swedish programme while messing on your phone doesn't work! #subtitles #noidea üá∏üá™ üì±
9.68232E+17,12:51.0,rickhoo2458,3266704213,0,#Treason #Trump #RepublicDay #Headshots #RollTide #noclue #NRA and monkey logistics
9.68241E+17,47:29.0,Beerswme,1433581914,0,"I'm on too friends. check me out. I can't post yet, but when I can I will. Cheers! #vero #noidea #isitworthit üçªüòúüòé https://t.co/n75z5YLQZ0"
9.68242E+17,50:04.0,zanneya,46005138,0,"#thatmomentwhen you have a 4-5 page #essay due tomorrow, but you have #noclue what to even write‚Ä¶ https://t.co/oGFUp3TAAp"
9.68242E+17,50:34.0,rhoddymair,57369853,0,@vern_cotter @thistlerugbypod Here's a starter for tenWhich Scotland players have scored more tries against England than Huw Jones?#noidea
9.68244E+17,58:30.0,wsinclair45,859145022,0,@mmmhotbreakfast My Son who is Year 8 is trying to teach ME how to do coding on his laptop and his new microbit computer chip. #noidea
9.68267E+17,29:20.0,ICE4SAFETY,19294579,0,#RealityCheck #ComingSoon for the #ChildStar #Hogg  #NoClue He is #BeingUsed https://t.co/cwURrY2jpH
9.68283E+17,35:49.0,iLLER_J,294603279,0,Could this be something ?...#workinprogress #noidea #tones #beats #musicislife #producer‚Ä¶ https://t.co/MoIiaGDe2h
9.68307E+17,11:03.0,blauri,30586627,0,Another upset and nobody better than seeing Duke lose. Who‚Äôs winning the title this year? #NoClue
9.68312E+17,30:11.0,SaviAntonio,2292776210,0,If this is not stupid what is it????? https://t.co/st56r7hEvT #Stupidity #BrainDead #NoClue #DumbThingsToBragAbout
9.68363E+17,53:37.0,Cynical_Colin,3345138177,0,"@oharamal Dont be silly, it‚Äôs Arlene, #NoAccountability#NoMorals#NoIntegrity #NoClue"
9.68378E+17,51:09.0,Erika_Larsson81,309799096,0,@TrebleMakerKim What language is it in?? #noClue
9.68398E+17,10:47.0,cjshotto,417319399,0,@RochdaleCouncil Some of the placements of bus stops around the borough are an absolute joke #clueless #noidea
9.68414E+17,13:30.0,breto0101,340972274,0,Stick to the Mr Whippy machines bud. #noidea
9.68425E+17,57:51.0,boofus_smeg,32433161,0,Eton and Oxford must be so proud to have this cretin as a product of their establishments...#noclue https://t.co/xkF3YN5Uao
9.68473E+17,09:55.0,Murraysport,327268754,0,@HillF1 You and me both.. #fullofit #dreamer #noclue
9.68476E+17,19:11.0,cycleoptic,371701261,1,"@AsEasyAsRiding what travel do they ""watch"" and have experience of at public expense? #NoIdea @comadad"
9.68485E+17,58:24.0,gary_hazan,4417009589,0,@realDonaldTrump #NoClue-sion
9.6851E+17,34:56.0,214Ejayy,2903281069,0,Ima Boss You a Worker üåÉüí∞#NoClue https://t.co/vttThcwbnV
9.68532E+17,01:24.0,jerkexboyfriend,9.06305E+17,0,"Is @google play. A thing where I can buy music, them play it from my android phone? #noIdea"
9.68534E+17,12:33.0,polosvoice,18322172,0,This!!!! LOLOL.... #noclue #nosense #nonsense #ohokay ü§ó #SMH ~ MP XO üíñ https://t.co/mvieEGFkYh
9.68549E+17,12:16.0,FlickColby,18957426,0,@AlisonMully Can she leave an IOU? We still have all our teeth here! #noidea
9.68581E+17,19:39.0,dimitystatheos,258662749,0,@caitrionambalfe Preach Miss Balfe. üëèüëèüëèüëèüëè #dontgetit #noidea #keepfightingthefight
9.68585E+17,35:36.0,berryfennel,27603927,0,Some chick called Whitney on TLC whats it all about ? #NoClue
9.68601E+17,38:40.0,hollymei7,292508468,0,Wtf!! The man is an imbecile ! #outoftouch #noidea https://t.co/jUjuKrWMYi
9.68603E+17,46:03.0,Christurton7,7.35071E+17,1,How embarrassing can it get spineless display. #noidea.
9.68646E+17,36:19.0,lisalisa365,2405211005,0,@rbark17 @MayorLevine #noearthlyidea #noclue  BESIDES #wehateTrump...#think #outsidethebox #truth #truthtopowerbabe
9.68684E+17,05:52.0,kyurgo,20310891,0,Listened to ‚ÄúTiny Dancer‚Äù by Elton John on my way home from work ...  anyone have a clue what the hell that song is about ? #NoClue
9.68685E+17,11:54.0,32bitshane,9.64057E+17,0,You know your old when you hear people talking about thier first PC having windows 98 and how bad it was. #dos #noidea
9.68688E+17,21:46.0,Settled13,27018657,0,@mmorrison2626 I bet! It's further for us! üõ´ Wonder if they ever come out here? I got to check the schedule! #noclue
9.68695E+17,49:39.0,Jenn1964Hussey,579774943,0,Again #noidea @SenatorCash #estimates
9.68695E+17,49:42.0,woolkebb,59389707,0,#qt in other words he has #noidea
9.68793E+17,20:04.0,pickledpuffin,912123126,0,Hilarious images from the UK #Snowmageddon #noclue
9.68811E+17,33:46.0,smallpants69,241688868,0,Just over 8 weeks to go think it‚Äôs time we chose a name for baby choudhry!! #names #noidea‚Ä¶ https://t.co/s3VisFtQCD
9.68884E+17,21:01.0,jkermel,93697746,0,@FelgerAndMazz I had no idea Rick &amp; Riley were brothers! #NoClue
9.68884E+17,21:12.0,utdandy,266657220,0,ü§£ü§£ü§£ The big question like so so many new accounts that follow me and others!!???R u a man utd fan?????ü§îü§îü§îü§î @Kudus36693250 #NOCLUE
9.68894E+17,59:50.0,Deacon147,160906232,0,@Y3LD1R @SecureTeam10 Let your government be your god and keep praying to them Dimwit #noclue
9.68901E+17,30:42.0,alstar101,59826535,0,You have to be kidding #canucks #noclue https://t.co/Ca83aPYpjW
9.68905E+17,44:51.0,dondon4444,492053004,0,Nothing angers me more than comments like this üëáüèª #snowday #deserved #norest #stillworking #teachers #noidea https://t.co/OSWZ30ybiw
9.68915E+17,24:25.0,PageSeven_,9.63993E+17,0,Are you aware?#Awareness #Poll #Polls #Vote #Absolutely #NoClue #Yes #Russia #AlinaZagitova #TessaVirtueScottMoir #ShibSibs #Canucks
9.68939E+17,00:53.0,SharonMcFeely,65981296,0,"Scottish labour criticises anything @theSNP do, but alway parrot all their ideas .. #noclue #liebour https://t.co/cyyL7vcy4f"
9.6894E+17,04:43.0,njnxoxo,9.68929E+17,0,Never understood how on earth to use this .. What even is twitter? Instruction manual anybody? #twitter #noclue #help #followers #confused
9.68941E+17,10:19.0,JordansWhippets,2292502543,0,@Dorwest Is that better or worse?? üòÇ #NoClue #WoofWoofWednesday
9.68944E+17,20:47.0,bricktop1972,172432610,0,Process is a Shambles and ask yourself who is responsible? #noidea #TOTROC #Var
9.6896E+17,24:14.0,cclindsay8662,2246613425,0,@markchapman Probably what the rules of football are #noclue
9.68963E+17,36:30.0,RollsBoyce,23445699,0,She still has no idea what she‚Äôs doing. #audrey #collie #dogsofinstagram #dog #noidea https://t.co/34DNd9HX1w
